{"cameraMode":{"drawMode":0,"name":"Shaded","section":"Shading Mode"},"sceneLighting":true,"audioPlay":false,"sceneViewState":{"m_AlwaysRefresh":false,"showFog":true,"showSkybox":true,"showFlares":true,"showImageEffects":true,"showParticleSystems":true,"showVisualEffectGraphs":true,"m_FxEnabled":true},"in2DMode":false,"pivot":{"x":84.86495971679688,"y":0.7423701286315918,"z":55.38269805908203},"rotation":{"x":-0.026927845552563669,"y":0.076395682990551,"z":-0.0020629276987165214,"w":-0.9967217445373535},"size":20.08877182006836,"orthographic":false}