{"cameraMode":{"drawMode":0,"name":"Shaded","section":"Shading Mode"},"sceneLighting":true,"audioPlay":false,"sceneViewState":{"m_AlwaysRefresh":false,"showFog":true,"showSkybox":true,"showFlares":true,"showImageEffects":true,"showParticleSystems":true,"showVisualEffectGraphs":true,"m_FxEnabled":true},"in2DMode":false,"pivot":{"x":-0.04241764545440674,"y":13.249500274658204,"z":-324.5887451171875},"rotation":{"x":0.019899724051356317,"y":0.9793070554733276,"z":-0.12107545882463455,"w":0.16095618903636933},"size":1.5706454515457154,"orthographic":false}