{"cameraMode":{"drawMode":0,"name":"Shaded","section":"Shading Mode"},"sceneLighting":true,"audioPlay":false,"sceneViewState":{"m_AlwaysRefresh":false,"showFog":true,"showSkybox":true,"showFlares":true,"showImageEffects":true,"showParticleSystems":true,"showVisualEffectGraphs":true,"m_FxEnabled":true},"in2DMode":false,"pivot":{"x":-489.5325927734375,"y":16.829286575317384,"z":-113.05715942382813},"rotation":{"x":-0.0038835250306874515,"y":0.3760358393192291,"z":0.0015742352697998286,"w":0.926616907119751},"size":6.678686618804932,"orthographic":false}