{"cameraMode":{"drawMode":0,"name":"Shaded","section":"Shading Mode"},"sceneLighting":false,"audioPlay":false,"sceneViewState":{"m_AlwaysRefresh":false,"showFog":true,"showSkybox":false,"showFlares":true,"showImageEffects":true,"showParticleSystems":true,"showVisualEffectGraphs":true,"m_FxEnabled":true},"in2DMode":false,"pivot":{"x":0.18034648895263673,"y":-0.7286150455474854,"z":0.37705135345458987},"rotation":{"x":-0.08771319687366486,"y":0.09280092269182205,"z":-0.0082065025344491,"w":-0.9917892217636108},"size":13.16210651397705,"orthographic":false}